PROVIDER;DESCRIPTION;SUBSCRIPTIONID;LOCATION;ASSESSMENTDATE;REQUIREMENTS_ID;REQUIREMENTS_DESCRIPTION;REQUIREMENTS_ATTRIBUTES_IDGRUPOCONTROL;REQUIREMENTS_ATTRIBUTES_MARCO;REQUIREMENTS_ATTRIBUTES_CATEGORIA;REQUIREMENTS_ATTRIBUTES_DESCRIPCIONCONTROL;REQUIREMENTS_ATTRIBUTES_NIVEL;REQUIREMENTS_ATTRIBUTES_TIPO;REQUIREMENTS_ATTRIBUTES_DIMENSIONES;REQUIREMENTS_ATTRIBUTES_MODOEJECUCION;REQUIREMENTS_ATTRIBUTES_DEPENDENCIAS;STATUS;STATUSEXTENDED;RESOURCEID;CHECKID;MUTED;RESOURCENAME
azure;The accreditation scheme of the ENS (National Security Scheme) has been developed by the Ministry of Finance and Public Administrations and the CCN (National Cryptological Center). This includes the basic principles and minimum requirements necessary for the adequate protection of information.;Azure subscription 1;global;2025-02-19 10:48:28.546737;mp.s.4.r1.az.nt.2;Detección y reacción;mp.s.4.r1;medidas de protección;protección de los servicios;Habilitar la supervisión del rendimiento de aplicaciones para los servicios en la nube;alto;requisito;disponibilidad;automático;;FAIL;There are no AppInsight configured in subscription Azure subscription 1.;AppInsights;appinsights_ensure_is_configured;False;AppInsights
azure;The accreditation scheme of the ENS (National Security Scheme) has been developed by the Ministry of Finance and Public Administrations and the CCN (National Cryptological Center). This includes the basic principles and minimum requirements necessary for the adequate protection of information.;Azure subscription 1;global;2025-02-19 10:48:28.546737;op.mon.3.r3.az.de.1;Ciberamenazas avanzadas;op.mon.3.r3 ;operacional;monitorización del sistema;Se deberá utilizar la evaluación de vulnerabilidades con Defender y el aseguramiento de la notificación de alertas de severidad alta.;alto;refuerzo;confidencialidad,integridad,trazabilidad,autenticidad,disponibilidad;automático;;FAIL;There is not another correct email configured for subscription Azure subscription 1.;/subscriptions/137ea479-0994-4597-b7f8-c87bc2c32218/providers/Microsoft.Security/securityContacts/default;defender_additional_email_configured_with_a_security_contact;False;
azure;The accreditation scheme of the ENS (National Security Scheme) has been developed by the Ministry of Finance and Public Administrations and the CCN (National Cryptological Center). This includes the basic principles and minimum requirements necessary for the adequate protection of information.;Azure subscription 1;global;2025-02-19 10:48:28.546737;op.mon.3.r2.az.de.1;Análisis dinámico;op.mon.3.r2 ;operacional;monitorización del sistema;Activar log analícs de Defender para la detección automática de eventos de seguridad.;alto;refuerzo;confidencialidad,integridad,trazabilidad,autenticidad,disponibilidad;automático;;FAIL;Defender Auto Provisioning Log Analytics Agents from subscription Azure subscription 1 is set to OFF.;/subscriptions/137ea479-0994-4597-b7f8-c87bc2c32218/providers/Microsoft.Security/autoProvisioningSettings/default;defender_auto_provisioning_log_analytics_agent_vms_on;False;default
azure;The accreditation scheme of the ENS (National Security Scheme) has been developed by the Ministry of Finance and Public Administrations and the CCN (National Cryptological Center). This includes the basic principles and minimum requirements necessary for the adequate protection of information.;Azure subscription 1;global;2025-02-19 10:48:28.546737;mp.s.4.r1.az.nt.5;Detección y reacción;mp.s.4.r1;medidas de protección;protección de los servicios;Habilitar defender para los servicios de almacenamiento en la nube;alto;requisito;disponibilidad;automático;;FAIL;Defender Auto Provisioning Log Analytics Agents from subscription Azure subscription 1 is set to OFF.;/subscriptions/137ea479-0994-4597-b7f8-c87bc2c32218/providers/Microsoft.Security/autoProvisioningSettings/default;defender_auto_provisioning_log_analytics_agent_vms_on;False;default
azure;The accreditation scheme of the ENS (National Security Scheme) has been developed by the Ministry of Finance and Public Administrations and the CCN (National Cryptological Center). This includes the basic principles and minimum requirements necessary for the adequate protection of information.;Azure subscription 1;global;2025-02-19 10:48:28.546737;op.mon.3.r3.az.de.1;Ciberamenazas avanzadas;op.mon.3.r3 ;operacional;monitorización del sistema;Se deberá utilizar la evaluación de vulnerabilidades con Defender y el aseguramiento de la notificación de alertas de severidad alta.;alto;refuerzo;confidencialidad,integridad,trazabilidad,autenticidad,disponibilidad;automático;;FAIL;Vulnerability assessment is not set up in all VMs in subscription Azure subscription 1.;/subscriptions/137ea479-0994-4597-b7f8-c87bc2c32218/resourceGroups/TPOT-RESOURCES/providers/Microsoft.Compute/virtualMachines/tpot-vm/providers/Microsoft.Security/assessments/ffff0522-1e88-47fc-8382-2a80ba848f5d;defender_auto_provisioning_vulnerabilty_assessments_machines_on;False;ffff0522-1e88-47fc-8382-2a80ba848f5d
azure;The accreditation scheme of the ENS (National Security Scheme) has been developed by the Ministry of Finance and Public Administrations and the CCN (National Cryptological Center). This includes the basic principles and minimum requirements necessary for the adequate protection of information.;Azure subscription 1;global;2025-02-19 10:48:28.546737;mp.s.4.r1.az.nt.3;Detección y reacción;mp.s.4.r1;medidas de protección;protección de los servicios;Habilitar defender para los servicios de aplicaciones en la nube;alto;requisito;disponibilidad;automático;;FAIL;Defender plan Defender for App Services from subscription Azure subscription 1 is set to OFF (pricing tier not standard).;/subscriptions/137ea479-0994-4597-b7f8-c87bc2c32218/providers/Microsoft.Security/pricings/AppServices;defender_ensure_defender_for_app_services_is_on;False;Defender plan App Services
azure;The accreditation scheme of the ENS (National Security Scheme) has been developed by the Ministry of Finance and Public Administrations and the CCN (National Cryptological Center). This includes the basic principles and minimum requirements necessary for the adequate protection of information.;Azure subscription 1;global;2025-02-19 10:48:28.546737;mp.s.4.r1.az.nt.3;Detección y reacción;mp.s.4.r1;medidas de protección;protección de los servicios;Habilitar defender para los servicios de aplicaciones en la nube;alto;requisito;disponibilidad;automático;;FAIL;Defender plan Defender for ARM from subscription Azure subscription 1 is set to OFF (pricing tier not standard).;/subscriptions/137ea479-0994-4597-b7f8-c87bc2c32218/providers/Microsoft.Security/pricings/Arm;defender_ensure_defender_for_arm_is_on;False;Defender plan ARM
azure;The accreditation scheme of the ENS (National Security Scheme) has been developed by the Ministry of Finance and Public Administrations and the CCN (National Cryptological Center). This includes the basic principles and minimum requirements necessary for the adequate protection of information.;Azure subscription 1;global;2025-02-19 10:48:28.546737;mp.s.4.r1.az.nt.4;Detección y reacción;mp.s.4.r1;medidas de protección;protección de los servicios;Habilitar defender para los servicios de bases de datos en la nube;alto;requisito;disponibilidad;automático;;FAIL;Defender plan Defender for Azure SQL DB Servers from subscription Azure subscription 1 is set to OFF (pricing tier not standard).;/subscriptions/137ea479-0994-4597-b7f8-c87bc2c32218/providers/Microsoft.Security/pricings/SqlServers;defender_ensure_defender_for_azure_sql_databases_is_on;False;Defender plan Azure SQL DB Servers
azure;The accreditation scheme of the ENS (National Security Scheme) has been developed by the Ministry of Finance and Public Administrations and the CCN (National Cryptological Center). This includes the basic principles and minimum requirements necessary for the adequate protection of information.;Azure subscription 1;global;2025-02-19 10:48:28.546737;mp.s.4.r1.az.nt.3;Detección y reacción;mp.s.4.r1;medidas de protección;protección de los servicios;Habilitar defender para los servicios de aplicaciones en la nube;alto;requisito;disponibilidad;automático;;FAIL;Defender plan Defender for Containers from subscription Azure subscription 1 is set to OFF (pricing tier not standard).;/subscriptions/137ea479-0994-4597-b7f8-c87bc2c32218/providers/Microsoft.Security/pricings/Containers;defender_ensure_defender_for_containers_is_on;False;Defender plan Container Registries
azure;The accreditation scheme of the ENS (National Security Scheme) has been developed by the Ministry of Finance and Public Administrations and the CCN (National Cryptological Center). This includes the basic principles and minimum requirements necessary for the adequate protection of information.;Azure subscription 1;global;2025-02-19 10:48:28.546737;mp.s.4.r1.az.nt.4;Detección y reacción;mp.s.4.r1;medidas de protección;protección de los servicios;Habilitar defender para los servicios de bases de datos en la nube;alto;requisito;disponibilidad;automático;;FAIL;Defender plan Defender for Cosmos DB from subscription Azure subscription 1 is set to OFF (pricing tier not standard).;/subscriptions/137ea479-0994-4597-b7f8-c87bc2c32218/providers/Microsoft.Security/pricings/CosmosDbs;defender_ensure_defender_for_cosmosdb_is_on;False;Defender plan Cosmos DB
azure;The accreditation scheme of the ENS (National Security Scheme) has been developed by the Ministry of Finance and Public Administrations and the CCN (National Cryptological Center). This includes the basic principles and minimum requirements necessary for the adequate protection of information.;Azure subscription 1;global;2025-02-19 10:48:28.546737;mp.s.4.r1.az.nt.4;Detección y reacción;mp.s.4.r1;medidas de protección;protección de los servicios;Habilitar defender para los servicios de bases de datos en la nube;alto;requisito;disponibilidad;automático;;FAIL;Defender plan Defender for Databases from subscription Azure subscription 1 is set to OFF (pricing tier not standard).;/subscriptions/137ea479-0994-4597-b7f8-c87bc2c32218/providers/Microsoft.Security/pricings/SqlServers;defender_ensure_defender_for_databases_is_on;False;Defender plan Databases
azure;The accreditation scheme of the ENS (National Security Scheme) has been developed by the Ministry of Finance and Public Administrations and the CCN (National Cryptological Center). This includes the basic principles and minimum requirements necessary for the adequate protection of information.;Azure subscription 1;global;2025-02-19 10:48:28.546737;mp.s.4.r1.az.nt.3;Detección y reacción;mp.s.4.r1;medidas de protección;protección de los servicios;Habilitar defender para los servicios de aplicaciones en la nube;alto;requisito;disponibilidad;automático;;FAIL;Defender plan Defender for DNS from subscription Azure subscription 1 is set to OFF (pricing tier not standard).;/subscriptions/137ea479-0994-4597-b7f8-c87bc2c32218/providers/Microsoft.Security/pricings/Dns;defender_ensure_defender_for_dns_is_on;False;Defender plan DNS
azure;The accreditation scheme of the ENS (National Security Scheme) has been developed by the Ministry of Finance and Public Administrations and the CCN (National Cryptological Center). This includes the basic principles and minimum requirements necessary for the adequate protection of information.;Azure subscription 1;global;2025-02-19 10:48:28.546737;op.acc.6.r1.az.eid.3;Contraseñas;op.acc.6.r1;operacional;control de acceso;Habilitar la protección de Defender para los KEY Vault;alto;refuerzo;confidencialidad,integridad,trazabilidad,autenticidad;automático;;FAIL;Defender plan Defender for KeyVaults from subscription Azure subscription 1 is set to OFF (pricing tier not standard).;/subscriptions/137ea479-0994-4597-b7f8-c87bc2c32218/providers/Microsoft.Security/pricings/KeyVaults;defender_ensure_defender_for_keyvault_is_on;False;Defender plan KeyVaults
azure;The accreditation scheme of the ENS (National Security Scheme) has been developed by the Ministry of Finance and Public Administrations and the CCN (National Cryptological Center). This includes the basic principles and minimum requirements necessary for the adequate protection of information.;Azure subscription 1;global;2025-02-19 10:48:28.546737;mp.s.4.r1.az.nt.4;Detección y reacción;mp.s.4.r1;medidas de protección;protección de los servicios;Habilitar defender para los servicios de bases de datos en la nube;alto;requisito;disponibilidad;automático;;FAIL;Defender plan Defender for Open-Source Relational Databases from subscription Azure subscription 1 is set to OFF (pricing tier not standard).;/subscriptions/137ea479-0994-4597-b7f8-c87bc2c32218/providers/Microsoft.Security/pricings/OpenSourceRelationalDatabases;defender_ensure_defender_for_os_relational_databases_is_on;False;Defender plan Open-Source Relational Databases
azure;The accreditation scheme of the ENS (National Security Scheme) has been developed by the Ministry of Finance and Public Administrations and the CCN (National Cryptological Center). This includes the basic principles and minimum requirements necessary for the adequate protection of information.;Azure subscription 1;global;2025-02-19 10:48:28.546737;op.mon.3.r1.az.ev.1;Correlación de eventos;op.mon.3.r1 ;operacional;monitorización del sistema;Habilitar el monitoreo del servidor en defender;alto;refuerzo;confidencialidad,integridad,trazabilidad,autenticidad,disponibilidad;automático;;FAIL;Defender plan Defender for Servers from subscription Azure subscription 1 is set to OFF (pricing tier not standard).;/subscriptions/137ea479-0994-4597-b7f8-c87bc2c32218/providers/Microsoft.Security/pricings/VirtualMachines;defender_ensure_defender_for_server_is_on;False;Defender plan Servers
azure;The accreditation scheme of the ENS (National Security Scheme) has been developed by the Ministry of Finance and Public Administrations and the CCN (National Cryptological Center). This includes the basic principles and minimum requirements necessary for the adequate protection of information.;Azure subscription 1;global;2025-02-19 10:48:28.546737;mp.s.4.r1.az.nt.3;Detección y reacción;mp.s.4.r1;medidas de protección;protección de los servicios;Habilitar defender para los servicios de aplicaciones en la nube;alto;requisito;disponibilidad;automático;;FAIL;Defender plan Defender for Servers from subscription Azure subscription 1 is set to OFF (pricing tier not standard).;/subscriptions/137ea479-0994-4597-b7f8-c87bc2c32218/providers/Microsoft.Security/pricings/VirtualMachines;defender_ensure_defender_for_server_is_on;False;Defender plan Servers
azure;The accreditation scheme of the ENS (National Security Scheme) has been developed by the Ministry of Finance and Public Administrations and the CCN (National Cryptological Center). This includes the basic principles and minimum requirements necessary for the adequate protection of information.;Azure subscription 1;global;2025-02-19 10:48:28.546737;mp.s.4.r1.az.nt.4;Detección y reacción;mp.s.4.r1;medidas de protección;protección de los servicios;Habilitar defender para los servicios de bases de datos en la nube;alto;requisito;disponibilidad;automático;;FAIL;Defender plan Defender for SQL Server VMs from subscription Azure subscription 1 is set to OFF (pricing tier not standard).;/subscriptions/137ea479-0994-4597-b7f8-c87bc2c32218/providers/Microsoft.Security/pricings/SqlServerVirtualMachines;defender_ensure_defender_for_sql_servers_is_on;False;Defender plan SQL Server VMs
azure;The accreditation scheme of the ENS (National Security Scheme) has been developed by the Ministry of Finance and Public Administrations and the CCN (National Cryptological Center). This includes the basic principles and minimum requirements necessary for the adequate protection of information.;Azure subscription 1;global;2025-02-19 10:48:28.546737;mp.s.4.r1.az.nt.5;Detección y reacción;mp.s.4.r1;medidas de protección;protección de los servicios;Habilitar defender para los servicios de almacenamiento en la nube;alto;requisito;disponibilidad;automático;;FAIL;Defender plan Defender for Storage Accounts from subscription Azure subscription 1 is set to OFF (pricing tier not standard).;/subscriptions/137ea479-0994-4597-b7f8-c87bc2c32218/providers/Microsoft.Security/pricings/StorageAccounts;defender_ensure_defender_for_storage_is_on;False;Defender plan Storage Accounts
azure;The accreditation scheme of the ENS (National Security Scheme) has been developed by the Ministry of Finance and Public Administrations and the CCN (National Cryptological Center). This includes the basic principles and minimum requirements necessary for the adequate protection of information.;Azure subscription 1;global;2025-02-19 10:48:28.546737;mp.s.4.r1.az.nt.3;Detección y reacción;mp.s.4.r1;medidas de protección;protección de los servicios;Habilitar defender para los servicios de aplicaciones en la nube;alto;requisito;disponibilidad;automático;;FAIL;No IoT Security Solutions found in the subscription Azure subscription 1.;IoT Hub Defender;defender_ensure_iot_hub_defender_is_on;False;IoT Hub Defender
azure;The accreditation scheme of the ENS (National Security Scheme) has been developed by the Ministry of Finance and Public Administrations and the CCN (National Cryptological Center). This includes the basic principles and minimum requirements necessary for the adequate protection of information.;Azure subscription 1;global;2025-02-19 10:48:28.546737;mp.s.4.r1.az.nt.3;Detección y reacción;mp.s.4.r1;medidas de protección;protección de los servicios;Habilitar defender para los servicios de aplicaciones en la nube;alto;requisito;disponibilidad;automático;;PASS;Microsoft Defender for Cloud Apps is enabled for subscription Azure subscription 1.;/subscriptions/137ea479-0994-4597-b7f8-c87bc2c32218/providers/Microsoft.Security/settings/MCAS;defender_ensure_mcas_is_enabled;False;MCAS
azure;The accreditation scheme of the ENS (National Security Scheme) has been developed by the Ministry of Finance and Public Administrations and the CCN (National Cryptological Center). This includes the basic principles and minimum requirements necessary for the adequate protection of information.;Azure subscription 1;global;2025-02-19 10:48:28.546737;op.mon.3.az.nw.1;Vigilancia;op.mon.3 ;operacional;monitorización del sistema;Habilitar Network Watcher para registrar y mantener la información de seguridad centralizada.;alto;requisito;confidencialidad,integridad,trazabilidad,autenticidad,disponibilidad;automático;;FAIL;Notifiy alerts are not enabled for severity high in subscription Azure subscription 1.;/subscriptions/137ea479-0994-4597-b7f8-c87bc2c32218/providers/Microsoft.Security/securityContacts/default;defender_ensure_notify_alerts_severity_is_high;False;
azure;The accreditation scheme of the ENS (National Security Scheme) has been developed by the Ministry of Finance and Public Administrations and the CCN (National Cryptological Center). This includes the basic principles and minimum requirements necessary for the adequate protection of information.;Azure subscription 1;global;2025-02-19 10:48:28.546737;op.mon.3.az.nw.1;Vigilancia;op.mon.3 ;operacional;monitorización del sistema;Auditoría delos registros de los servicios de GCP con la suficiente retención para la vigilancia de la información;alto;requisito;confidencialidad,integridad,trazabilidad,autenticidad,disponibilidad;automático;;FAIL;Notifiy alerts are not enabled for severity high in subscription Azure subscription 1.;/subscriptions/137ea479-0994-4597-b7f8-c87bc2c32218/providers/Microsoft.Security/securityContacts/default;defender_ensure_notify_alerts_severity_is_high;False;
azure;The accreditation scheme of the ENS (National Security Scheme) has been developed by the Ministry of Finance and Public Administrations and the CCN (National Cryptological Center). This includes the basic principles and minimum requirements necessary for the adequate protection of information.;Azure subscription 1;global;2025-02-19 10:48:28.546737;op.mon.3.r3.az.de.1;Ciberamenazas avanzadas;op.mon.3.r3 ;operacional;monitorización del sistema;Se deberá utilizar la evaluación de vulnerabilidades con Defender y el aseguramiento de la notificación de alertas de severidad alta.;alto;refuerzo;confidencialidad,integridad,trazabilidad,autenticidad,disponibilidad;automático;;FAIL;Notifiy alerts are not enabled for severity high in subscription Azure subscription 1.;/subscriptions/137ea479-0994-4597-b7f8-c87bc2c32218/providers/Microsoft.Security/securityContacts/default;defender_ensure_notify_alerts_severity_is_high;False;
azure;The accreditation scheme of the ENS (National Security Scheme) has been developed by the Ministry of Finance and Public Administrations and the CCN (National Cryptological Center). This includes the basic principles and minimum requirements necessary for the adequate protection of information.;Azure subscription 1;global;2025-02-19 10:48:28.546737;mp.com.3.az.nw.1;Protección de la integridad y de la autenticidad;mp.com.3 ;medidas de protección;protección de las comunicaciones;Asegurarse de que la comunicación del frontal sea a través de HTTPS.;alto;requisito;integridad,autenticidad;automático;;FAIL;Notifiy alerts are not enabled for severity high in subscription Azure subscription 1.;/subscriptions/137ea479-0994-4597-b7f8-c87bc2c32218/providers/Microsoft.Security/securityContacts/default;defender_ensure_notify_alerts_severity_is_high;False;
azure;The accreditation scheme of the ENS (National Security Scheme) has been developed by the Ministry of Finance and Public Administrations and the CCN (National Cryptological Center). This includes the basic principles and minimum requirements necessary for the adequate protection of information.;Azure subscription 1;global;2025-02-19 10:48:28.546737;op.mon.3.r4.az.de.1;Observatorios digitales;op.mon.3.r4 ;operacional;monitorización del sistema;Se deberá asegurar las notificaciones por correo a los propietarios a través de Defender.;alto;refuerzo;confidencialidad,integridad,trazabilidad,autenticidad,disponibilidad;automático;;FAIL;The Owner role is not notified for subscription Azure subscription 1.;/subscriptions/137ea479-0994-4597-b7f8-c87bc2c32218/providers/Microsoft.Security/securityContacts/default;defender_ensure_notify_emails_to_owners;False;
azure;The accreditation scheme of the ENS (National Security Scheme) has been developed by the Ministry of Finance and Public Administrations and the CCN (National Cryptological Center). This includes the basic principles and minimum requirements necessary for the adequate protection of information.;Azure subscription 1;global;2025-02-19 10:48:28.546737;op.mon.3.r3.az.de.2;Ciberamenazas avanzadas;op.mon.3.r3 ;operacional;monitorización del sistema;Habilitar la protección de amenazas avanzadas para la detección de ciberamenazas en la nube.;alto;refuerzo;confidencialidad,integridad,trazabilidad,autenticidad,disponibilidad;automático;;PASS;Microsoft Defender for Endpoint integration is enabled for subscription Azure subscription 1.;/subscriptions/137ea479-0994-4597-b7f8-c87bc2c32218/providers/Microsoft.Security/settings/WDATP;defender_ensure_wdatp_is_enabled;False;WDATP
azure;The accreditation scheme of the ENS (National Security Scheme) has been developed by the Ministry of Finance and Public Administrations and the CCN (National Cryptological Center). This includes the basic principles and minimum requirements necessary for the adequate protection of information.;Tenant: sibusisosekkhotogmail.onmicrosoft.com;global;2025-02-19 10:48:28.546737;op.acc.5.r4.az.eid.1;Certificados en dispositivo físico;op.acc.5.r4;operacional;control de acceso;Habilitación de autenticación MFA para usuarios externos;alto;refuerzo;confidencialidad,integridad,trazabilidad,autenticidad;automático;;FAIL;Conditional Access Policy does not require MFA for management API.;Conditional Access Policy;entra_conditional_access_policy_require_mfa_for_management_api;False;Conditional Access Policy
azure;The accreditation scheme of the ENS (National Security Scheme) has been developed by the Ministry of Finance and Public Administrations and the CCN (National Cryptological Center). This includes the basic principles and minimum requirements necessary for the adequate protection of information.;Tenant: sibusisosekkhotogmail.onmicrosoft.com;global;2025-02-19 10:48:28.546737;op.acc.6.az.eid.1;Mecanismo de autenticación (usuarios de la organización);op.acc.6;operacional;control de acceso;El acceso del usuario será gestionado desde Microsoft Entra;alto;requisito;confidencialidad,integridad,trazabilidad,autenticidad;automático;;FAIL;Conditional Access Policy does not require MFA for management API.;Conditional Access Policy;entra_conditional_access_policy_require_mfa_for_management_api;False;Conditional Access Policy
azure;The accreditation scheme of the ENS (National Security Scheme) has been developed by the Ministry of Finance and Public Administrations and the CCN (National Cryptological Center). This includes the basic principles and minimum requirements necessary for the adequate protection of information.;Tenant: sibusisosekkhotogmail.onmicrosoft.com;global;2025-02-19 10:48:28.546737;op.acc.6.r4.az.mfa.1;Certificados en dispositivo físico;op.acc.6.r4;operacional;control de acceso;Habilitación de autenticación MFA para usuarios de la organización;alto;refuerzo;confidencialidad,integridad,trazabilidad,autenticidad;automático;;FAIL;Conditional Access Policy does not require MFA for management API.;Conditional Access Policy;entra_conditional_access_policy_require_mfa_for_management_api;False;Conditional Access Policy
azure;The accreditation scheme of the ENS (National Security Scheme) has been developed by the Ministry of Finance and Public Administrations and the CCN (National Cryptological Center). This includes the basic principles and minimum requirements necessary for the adequate protection of information.;Tenant: sibusisosekkhotogmail.onmicrosoft.com;global;2025-02-19 10:48:28.546737;op.acc.1.az.r1.eid.1;Identificacion Avanzada;op.acc.1.r1;operacional;control de acceso;La asignación del usuario deberá realizarse de manera única, singularizando a la persona asociada a cada identificador en Microsoft Entra;alto;refuerzo;trazabilidad,autenticidad;automático;;PASS;There are 0 global administrators.;5e4fa88b-eb79-4a8e-b2a8-e9c2b4ab8ceb;entra_global_admin_in_less_than_five_users;False;Global Administrator
azure;The accreditation scheme of the ENS (National Security Scheme) has been developed by the Ministry of Finance and Public Administrations and the CCN (National Cryptological Center). This includes the basic principles and minimum requirements necessary for the adequate protection of information.;Tenant: sibusisosekkhotogmail.onmicrosoft.com;global;2025-02-19 10:48:28.546737;op.acc.2.az.rbac.1;Requisitos de acceso;op.acc.2;operacional;control de acceso;Se debe aplicar la restricción de acceso al portal de Azure y la habilitación de Microsoft Entra Protection para minimizar los riesgos de inicio de sesión y comportamientos inusuales.;alto;requisito;confidencialidad,integridad,trazabilidad,autenticidad;automático;;FAIL;Non-privileged users are able to create security groups via the Access Panel and the Azure administration portal.;authorizationPolicy;entra_policy_default_users_cannot_create_security_groups;False;Authorization Policy
azure;The accreditation scheme of the ENS (National Security Scheme) has been developed by the Ministry of Finance and Public Administrations and the CCN (National Cryptological Center). This includes the basic principles and minimum requirements necessary for the adequate protection of information.;Tenant: sibusisosekkhotogmail.onmicrosoft.com;global;2025-02-19 10:48:28.546737;op.acc.2.az.rbac.1;Requisitos de acceso;op.acc.2;operacional;control de acceso;Se debe aplicar la restricción de acceso al portal de Azure y la habilitación de Microsoft Entra Protection para minimizar los riesgos de inicio de sesión y comportamientos inusuales.;alto;requisito;confidencialidad,integridad,trazabilidad,autenticidad;automático;;FAIL;Tenants creation is not disabled for non-admin users.;authorizationPolicy;entra_policy_ensure_default_user_cannot_create_tenants;False;Authorization Policy
azure;The accreditation scheme of the ENS (National Security Scheme) has been developed by the Ministry of Finance and Public Administrations and the CCN (National Cryptological Center). This includes the basic principles and minimum requirements necessary for the adequate protection of information.;Tenant: sibusisosekkhotogmail.onmicrosoft.com;global;2025-02-19 10:48:28.546737;opc.acc.5.az.eid.1;Mecanismo de autenticación (usuarios externos);op.acc.5;operacional;control de acceso;El usuario externo deberá contar con un usuario de la organización creado y gestionado para sus actividades de colaboración durante el período de tiempo definido en el contrato, de igual manera que el mecanismo de autenticación (usuarios de la organización) y será gestionado en la organización con Microsoft Entra.;alto;requisito;confidencialidad,integridad,trazabilidad,autenticidad;automático;;FAIL;Guest invitations are not restricted to users with specific administrative roles only.;authorizationPolicy;entra_policy_guest_invite_only_for_admin_roles;False;Authorization Policy
azure;The accreditation scheme of the ENS (National Security Scheme) has been developed by the Ministry of Finance and Public Administrations and the CCN (National Cryptological Center). This includes the basic principles and minimum requirements necessary for the adequate protection of information.;Tenant: sibusisosekkhotogmail.onmicrosoft.com;global;2025-02-19 10:48:28.546737;opc.acc.5.az.eid.1;Mecanismo de autenticación (usuarios externos);op.acc.5;operacional;control de acceso;El usuario externo deberá contar con un usuario de la organización creado y gestionado para sus actividades de colaboración durante el período de tiempo definido en el contrato, de igual manera que el mecanismo de autenticación (usuarios de la organización) y será gestionado en la organización con Microsoft Entra.;alto;requisito;confidencialidad,integridad,trazabilidad,autenticidad;automático;;FAIL;Guest user access is not restricted to properties and memberships of their own directory objects;authorizationPolicy;entra_policy_guest_users_access_restrictions;False;Authorization Policy
azure;The accreditation scheme of the ENS (National Security Scheme) has been developed by the Ministry of Finance and Public Administrations and the CCN (National Cryptological Center). This includes the basic principles and minimum requirements necessary for the adequate protection of information.;Tenant: sibusisosekkhotogmail.onmicrosoft.com;global;2025-02-19 10:48:28.546737;op.acc.2.az.r1.eid.1;Privilegios de acceso;op.acc.2.r1;operacional;control de acceso;Requisito de la configuración a través de la aplicación de roles RBAC;alto;refuerzo;confidencialidad,integridad,trazabilidad,autenticidad;automático;;FAIL;Entra allows users to consent apps accessing company data on their behalf;authorizationPolicy;entra_policy_restricts_user_consent_for_apps;False;Authorization Policy
azure;The accreditation scheme of the ENS (National Security Scheme) has been developed by the Ministry of Finance and Public Administrations and the CCN (National Cryptological Center). This includes the basic principles and minimum requirements necessary for the adequate protection of information.;Tenant: sibusisosekkhotogmail.onmicrosoft.com;global;2025-02-19 10:48:28.546737;op.acc.2.az.r1.eid.1;Privilegios de acceso;op.acc.2.r1;operacional;control de acceso;Requisito de la configuración a través de la aplicación de roles RBAC;alto;refuerzo;confidencialidad,integridad,trazabilidad,autenticidad;automático;;FAIL;Entra allows users to consent apps accessing company data on their behalf.;authorizationPolicy;entra_policy_user_consent_for_verified_apps;False;Authorization Policy
azure;The accreditation scheme of the ENS (National Security Scheme) has been developed by the Ministry of Finance and Public Administrations and the CCN (National Cryptological Center). This includes the basic principles and minimum requirements necessary for the adequate protection of information.;Tenant: sibusisosekkhotogmail.onmicrosoft.com;global;2025-02-19 10:48:28.546737;op.exp.8.az.md.1;Registro de la actividad;op.exp.8;operacional;explotación;Se habilitará el monitor de diagnóstico para cada categoría usada dentro de la subscripción.;alto;requisito;trazabilidad;automático;;FAIL;There is no trusted location with IP ranges defined.;Named Locations;entra_trusted_named_locations_exists;False;Named Locations
azure;The accreditation scheme of the ENS (National Security Scheme) has been developed by the Ministry of Finance and Public Administrations and the CCN (National Cryptological Center). This includes the basic principles and minimum requirements necessary for the adequate protection of information.;Tenant: sibusisosekkhotogmail.onmicrosoft.com;global;2025-02-19 10:48:28.546737;op.acc.2.az.r1.eid.1;Privilegios de acceso;op.acc.2.r1;operacional;control de acceso;Requisito de la configuración a través de la aplicación de roles RBAC;alto;refuerzo;confidencialidad,integridad,trazabilidad,autenticidad;automático;;FAIL;Users can create Microsoft 365 groups.;Microsoft365 Groups;entra_users_cannot_create_microsoft_365_groups;False;Microsoft365 Groups
azure;The accreditation scheme of the ENS (National Security Scheme) has been developed by the Ministry of Finance and Public Administrations and the CCN (National Cryptological Center). This includes the basic principles and minimum requirements necessary for the adequate protection of information.;Azure subscription 1;global;2025-02-19 10:48:28.546737;op.mon.2.r1.az.ma.1;Efectividad del sistema de incidentes;op.mon.2.r1 ;operacional;monitorización del sistema;Configurar el monitor de alerta para los cambios en los elementos de seguridad habilitados.;alto;refuerzo;confidencialidad,integridad,trazabilidad,autenticidad,disponibilidad;automático;;FAIL;There is not an alert for creating Policy Assignments in subscription Azure subscription 1.;Monitor;monitor_alert_create_policy_assignment;False;Monitor
azure;The accreditation scheme of the ENS (National Security Scheme) has been developed by the Ministry of Finance and Public Administrations and the CCN (National Cryptological Center). This includes the basic principles and minimum requirements necessary for the adequate protection of information.;Azure subscription 1;global;2025-02-19 10:48:28.546737;op.mon.2.r1.az.ma.1;Efectividad del sistema de incidentes;op.mon.2.r1 ;operacional;monitorización del sistema;Configurar el monitor de alerta para los cambios en los elementos de seguridad habilitados.;alto;refuerzo;confidencialidad,integridad,trazabilidad,autenticidad,disponibilidad;automático;;FAIL;There is not an alert for creating/updating Network Security Groups in subscription Azure subscription 1.;Monitor;monitor_alert_create_update_nsg;False;Monitor
azure;The accreditation scheme of the ENS (National Security Scheme) has been developed by the Ministry of Finance and Public Administrations and the CCN (National Cryptological Center). This includes the basic principles and minimum requirements necessary for the adequate protection of information.;Azure subscription 1;global;2025-02-19 10:48:28.546737;op.mon.2.r1.az.ma.1;Efectividad del sistema de incidentes;op.mon.2.r1 ;operacional;monitorización del sistema;Configurar el monitor de alerta para los cambios en los elementos de seguridad habilitados.;alto;refuerzo;confidencialidad,integridad,trazabilidad,autenticidad,disponibilidad;automático;;FAIL;There is not an alert for creating/updating Public IP address rule in subscription Azure subscription 1.;Monitor;monitor_alert_create_update_public_ip_address_rule;False;Monitor
azure;The accreditation scheme of the ENS (National Security Scheme) has been developed by the Ministry of Finance and Public Administrations and the CCN (National Cryptological Center). This includes the basic principles and minimum requirements necessary for the adequate protection of information.;Azure subscription 1;global;2025-02-19 10:48:28.546737;op.mon.2.r1.az.ma.1;Efectividad del sistema de incidentes;op.mon.2.r1 ;operacional;monitorización del sistema;Configurar el monitor de alerta para los cambios en los elementos de seguridad habilitados.;alto;refuerzo;confidencialidad,integridad,trazabilidad,autenticidad,disponibilidad;automático;;FAIL;There is not an alert for creating/updating Security Solution in subscription Azure subscription 1.;Monitor;monitor_alert_create_update_security_solution;False;Monitor
azure;The accreditation scheme of the ENS (National Security Scheme) has been developed by the Ministry of Finance and Public Administrations and the CCN (National Cryptological Center). This includes the basic principles and minimum requirements necessary for the adequate protection of information.;Azure subscription 1;global;2025-02-19 10:48:28.546737;op.mon.3.r6.az.ma.1;Inspecciones de seguridad;op.mon.3.r6 ;operacional;monitorización del sistema;Utilizar las alertas para las inspecciones de seguridad;alto;refuerzo;confidencialidad,integridad,trazabilidad,autenticidad,disponibilidad;automático;;FAIL;There is not an alert for creating/updating Security Solution in subscription Azure subscription 1.;Monitor;monitor_alert_create_update_security_solution;False;Monitor
azure;The accreditation scheme of the ENS (National Security Scheme) has been developed by the Ministry of Finance and Public Administrations and the CCN (National Cryptological Center). This includes the basic principles and minimum requirements necessary for the adequate protection of information.;Azure subscription 1;global;2025-02-19 10:48:28.546737;op.mon.2.r1.az.ma.1;Efectividad del sistema de incidentes;op.mon.2.r1 ;operacional;monitorización del sistema;Configurar el monitor de alerta para los cambios en los elementos de seguridad habilitados.;alto;refuerzo;confidencialidad,integridad,trazabilidad,autenticidad,disponibilidad;automático;;FAIL;There is not an alert for creating/updating SQL Server firewall rule in subscription Azure subscription 1.;Monitor;monitor_alert_create_update_sqlserver_fr;False;Monitor
azure;The accreditation scheme of the ENS (National Security Scheme) has been developed by the Ministry of Finance and Public Administrations and the CCN (National Cryptological Center). This includes the basic principles and minimum requirements necessary for the adequate protection of information.;Azure subscription 1;global;2025-02-19 10:48:28.546737;op.acc.6.r5.az.eid.2;Registro de la actividad;op.acc.6.r5;operacional;control de acceso;El registro de actividad de eliminación en los servicios de la nube debe de estar habilitado.;alto;refuerzo;confidencialidad,integridad,trazabilidad,autenticidad;automático;;FAIL;There is not an alert for deleting Network Security Groups in subscription Azure subscription 1.;Monitor;monitor_alert_delete_nsg;False;Monitor
azure;The accreditation scheme of the ENS (National Security Scheme) has been developed by the Ministry of Finance and Public Administrations and the CCN (National Cryptological Center). This includes the basic principles and minimum requirements necessary for the adequate protection of information.;Azure subscription 1;global;2025-02-19 10:48:28.546737;op.acc.6.r5.az.eid.2;Registro de la actividad;op.acc.6.r5;operacional;control de acceso;El registro de actividad de eliminación en los servicios de la nube debe de estar habilitado.;alto;refuerzo;confidencialidad,integridad,trazabilidad,autenticidad;automático;;FAIL;There is not an alert for deleting policy assignment in subscription Azure subscription 1.;Monitor;monitor_alert_delete_policy_assignment;False;Monitor
azure;The accreditation scheme of the ENS (National Security Scheme) has been developed by the Ministry of Finance and Public Administrations and the CCN (National Cryptological Center). This includes the basic principles and minimum requirements necessary for the adequate protection of information.;Azure subscription 1;global;2025-02-19 10:48:28.546737;op.acc.6.r5.az.eid.2;Registro de la actividad;op.acc.6.r5;operacional;control de acceso;El registro de actividad de eliminación en los servicios de la nube debe de estar habilitado.;alto;refuerzo;confidencialidad,integridad,trazabilidad,autenticidad;automático;;FAIL;There is not an alert for deleting public IP address rule in subscription Azure subscription 1.;Monitor;monitor_alert_delete_public_ip_address_rule;False;Monitor
azure;The accreditation scheme of the ENS (National Security Scheme) has been developed by the Ministry of Finance and Public Administrations and the CCN (National Cryptological Center). This includes the basic principles and minimum requirements necessary for the adequate protection of information.;Azure subscription 1;global;2025-02-19 10:48:28.546737;op.acc.6.r5.az.eid.2;Registro de la actividad;op.acc.6.r5;operacional;control de acceso;El registro de actividad de eliminación en los servicios de la nube debe de estar habilitado.;alto;refuerzo;confidencialidad,integridad,trazabilidad,autenticidad;automático;;FAIL;There is not an alert for deleting Security Solution in subscription Azure subscription 1.;Monitor;monitor_alert_delete_security_solution;False;Monitor
azure;The accreditation scheme of the ENS (National Security Scheme) has been developed by the Ministry of Finance and Public Administrations and the CCN (National Cryptological Center). This includes the basic principles and minimum requirements necessary for the adequate protection of information.;Azure subscription 1;global;2025-02-19 10:48:28.546737;op.acc.6.r5.az.eid.2;Registro de la actividad;op.acc.6.r5;operacional;control de acceso;El registro de actividad de eliminación en los servicios de la nube debe de estar habilitado.;alto;refuerzo;confidencialidad,integridad,trazabilidad,autenticidad;automático;;FAIL;There is not an alert for deleting SQL Server firewall rule in subscription Azure subscription 1.;Monitor;monitor_alert_delete_sqlserver_fr;False;Monitor
azure;The accreditation scheme of the ENS (National Security Scheme) has been developed by the Ministry of Finance and Public Administrations and the CCN (National Cryptological Center). This includes the basic principles and minimum requirements necessary for the adequate protection of information.;Azure subscription 1;global;2025-02-19 10:48:28.546737;op.exp.8.az.md.1;Registro de la actividad;op.exp.8;operacional;explotación;Se habilitará el monitor de diagnóstico para cada categoría usada dentro de la subscripción.;alto;requisito;trazabilidad;automático;;FAIL;There are no diagnostic settings capturing appropiate categories in subscription Azure subscription 1.;Monitor;monitor_diagnostic_setting_with_appropriate_categories;False;Monitor
azure;The accreditation scheme of the ENS (National Security Scheme) has been developed by the Ministry of Finance and Public Administrations and the CCN (National Cryptological Center). This includes the basic principles and minimum requirements necessary for the adequate protection of information.;Azure subscription 1;global;2025-02-19 10:48:28.546737;op.mon.2.az.md.1;Sistema de métricas;op.mon.2 ;operacional;monitorización del sistema;Configurar el monitor de diagnóstico para los elementos habilitados de la nube.;alto;requisito;confidencialidad,integridad,trazabilidad,autenticidad,disponibilidad;automático;;FAIL;There are no diagnostic settings capturing appropiate categories in subscription Azure subscription 1.;Monitor;monitor_diagnostic_setting_with_appropriate_categories;False;Monitor
azure;The accreditation scheme of the ENS (National Security Scheme) has been developed by the Ministry of Finance and Public Administrations and the CCN (National Cryptological Center). This includes the basic principles and minimum requirements necessary for the adequate protection of information.;Azure subscription 1;global;2025-02-19 10:48:28.546737;op.exp.8.r5.az.ds.1;Revisión automática y correlación de eventos;op.exp.8.r5;operacional;explotación;Activación del monitor de diagnóstico para la revisión automática de eventos.;alto;refuerzo;trazabilidad;automático;;FAIL;No diagnostic settings found in subscription Azure subscription 1.;diagnostic_settings;monitor_diagnostic_settings_exists;False;Diagnostic Settings
azure;The accreditation scheme of the ENS (National Security Scheme) has been developed by the Ministry of Finance and Public Administrations and the CCN (National Cryptological Center). This includes the basic principles and minimum requirements necessary for the adequate protection of information.;Azure subscription 1;global;2025-02-19 10:48:28.546737;op.mon.2.r2.az.ma.1;Eficiencia del sistema de gestión de la seguridad;op.mon.2.r2 ;operacional;monitorización del sistema;Asegurar que el monitor de diagnóstico de la actividad de la subscrición esté activa.;alto;refuerzo;confidencialidad,integridad,trazabilidad,autenticidad,disponibilidad;automático;;FAIL;No diagnostic settings found in subscription Azure subscription 1.;diagnostic_settings;monitor_diagnostic_settings_exists;False;Diagnostic Settings
azure;The accreditation scheme of the ENS (National Security Scheme) has been developed by the Ministry of Finance and Public Administrations and the CCN (National Cryptological Center). This includes the basic principles and minimum requirements necessary for the adequate protection of information.;Azure subscription 1;global;2025-02-19 10:48:28.546737;mp.com.4.r4.az.nt.1;Puntos de interconexión;mp.com.4.r4;medidas de protección;protección de las comunicaciones;Asegurarse de que el acceso a la red de conexión con  internet esté protegida.;alto;refuerzo;confidencialidad,integridad,trazabilidad,autenticidad,disponibilidad;automático;;FAIL;Bastion Host from subscription Azure subscription 1 does not exist;Bastion Host;network_bastion_host_exists;False;Bastion Host
azure;The accreditation scheme of the ENS (National Security Scheme) has been developed by the Ministry of Finance and Public Administrations and the CCN (National Cryptological Center). This includes the basic principles and minimum requirements necessary for the adequate protection of information.;Azure subscription 1;eastus;2025-02-19 10:48:28.546737;op.mon.1.r1.az.nf.1;Detección basada en reglas;op.mon.1.r1 ;operacional;monitorización del sistema;Activación del Network Flow Log para la identificación del tráfico de la red.;alto;refuerzo;confidencialidad,integridad,trazabilidad,autenticidad,disponibilidad;automático;;FAIL;Network Watcher NetworkWatcher_eastus from subscription Azure subscription 1 has flow logs disabled;/subscriptions/137ea479-0994-4597-b7f8-c87bc2c32218/resourceGroups/NetworkWatcherRG/providers/Microsoft.Network/networkWatchers/NetworkWatcher_eastus;network_flow_log_captured_sent;False;NetworkWatcher_eastus
azure;The accreditation scheme of the ENS (National Security Scheme) has been developed by the Ministry of Finance and Public Administrations and the CCN (National Cryptological Center). This includes the basic principles and minimum requirements necessary for the adequate protection of information.;Azure subscription 1;eastus;2025-02-19 10:48:28.546737;op.mon.3.az.nw.1;Vigilancia;op.mon.3 ;operacional;monitorización del sistema;Habilitar Network Watcher para registrar y mantener la información de seguridad centralizada.;alto;requisito;confidencialidad,integridad,trazabilidad,autenticidad,disponibilidad;automático;;FAIL;Network Watcher NetworkWatcher_eastus from subscription Azure subscription 1 has flow logs disabled;/subscriptions/137ea479-0994-4597-b7f8-c87bc2c32218/resourceGroups/NetworkWatcherRG/providers/Microsoft.Network/networkWatchers/NetworkWatcher_eastus;network_flow_log_captured_sent;False;NetworkWatcher_eastus
azure;The accreditation scheme of the ENS (National Security Scheme) has been developed by the Ministry of Finance and Public Administrations and the CCN (National Cryptological Center). This includes the basic principles and minimum requirements necessary for the adequate protection of information.;Azure subscription 1;eastus;2025-02-19 10:48:28.546737;op.mon.3.az.nw.1;Vigilancia;op.mon.3 ;operacional;monitorización del sistema;Auditoría delos registros de los servicios de GCP con la suficiente retención para la vigilancia de la información;alto;requisito;confidencialidad,integridad,trazabilidad,autenticidad,disponibilidad;automático;;FAIL;Network Watcher NetworkWatcher_eastus from subscription Azure subscription 1 has flow logs disabled;/subscriptions/137ea479-0994-4597-b7f8-c87bc2c32218/resourceGroups/NetworkWatcherRG/providers/Microsoft.Network/networkWatchers/NetworkWatcher_eastus;network_flow_log_captured_sent;False;NetworkWatcher_eastus
azure;The accreditation scheme of the ENS (National Security Scheme) has been developed by the Ministry of Finance and Public Administrations and the CCN (National Cryptological Center). This includes the basic principles and minimum requirements necessary for the adequate protection of information.;Azure subscription 1;eastus;2025-02-19 10:48:28.546737;mp.s.4.r1.az.nt.1;Detección y reacción;mp.s.4.r1;medidas de protección;protección de los servicios;Habilitar el flujo de logs de la red para la captura de los datos enviados;alto;requisito;disponibilidad;automático;;FAIL;Network Watcher NetworkWatcher_eastus from subscription Azure subscription 1 has flow logs disabled;/subscriptions/137ea479-0994-4597-b7f8-c87bc2c32218/resourceGroups/NetworkWatcherRG/providers/Microsoft.Network/networkWatchers/NetworkWatcher_eastus;network_flow_log_captured_sent;False;NetworkWatcher_eastus
azure;The accreditation scheme of the ENS (National Security Scheme) has been developed by the Ministry of Finance and Public Administrations and the CCN (National Cryptological Center). This includes the basic principles and minimum requirements necessary for the adequate protection of information.;Azure subscription 1;eastus;2025-02-19 10:48:28.546737;op.exp.8.r3.az.nt.1;Retención de registros;op.exp.8.r3;operacional;explotación;La configuración de los registros debe estar configurada con un período de retención.;alto;refuerzo;trazabilidad;automático;;PASS;Network Watcher NetworkWatcher_eastus from subscription Azure subscription 1 has flow logs enabled for more than 90 days;/subscriptions/137ea479-0994-4597-b7f8-c87bc2c32218/resourceGroups/NetworkWatcherRG/providers/Microsoft.Network/networkWatchers/NetworkWatcher_eastus;network_flow_log_more_than_90_days;False;NetworkWatcher_eastus
azure;The accreditation scheme of the ENS (National Security Scheme) has been developed by the Ministry of Finance and Public Administrations and the CCN (National Cryptological Center). This includes the basic principles and minimum requirements necessary for the adequate protection of information.;Azure subscription 1;eastus;2025-02-19 10:48:28.546737;op.mon.3.az.nw.1;Vigilancia;op.mon.3 ;operacional;monitorización del sistema;Habilitar Network Watcher para registrar y mantener la información de seguridad centralizada.;alto;requisito;confidencialidad,integridad,trazabilidad,autenticidad,disponibilidad;automático;;PASS;Network Watcher NetworkWatcher_eastus from subscription Azure subscription 1 has flow logs enabled for more than 90 days;/subscriptions/137ea479-0994-4597-b7f8-c87bc2c32218/resourceGroups/NetworkWatcherRG/providers/Microsoft.Network/networkWatchers/NetworkWatcher_eastus;network_flow_log_more_than_90_days;False;NetworkWatcher_eastus
azure;The accreditation scheme of the ENS (National Security Scheme) has been developed by the Ministry of Finance and Public Administrations and the CCN (National Cryptological Center). This includes the basic principles and minimum requirements necessary for the adequate protection of information.;Azure subscription 1;eastus;2025-02-19 10:48:28.546737;op.mon.3.az.nw.1;Vigilancia;op.mon.3 ;operacional;monitorización del sistema;Auditoría delos registros de los servicios de GCP con la suficiente retención para la vigilancia de la información;alto;requisito;confidencialidad,integridad,trazabilidad,autenticidad,disponibilidad;automático;;PASS;Network Watcher NetworkWatcher_eastus from subscription Azure subscription 1 has flow logs enabled for more than 90 days;/subscriptions/137ea479-0994-4597-b7f8-c87bc2c32218/resourceGroups/NetworkWatcherRG/providers/Microsoft.Network/networkWatchers/NetworkWatcher_eastus;network_flow_log_more_than_90_days;False;NetworkWatcher_eastus
azure;The accreditation scheme of the ENS (National Security Scheme) has been developed by the Ministry of Finance and Public Administrations and the CCN (National Cryptological Center). This includes the basic principles and minimum requirements necessary for the adequate protection of information.;Azure subscription 1;eastus;2025-02-19 10:48:28.546737;mp.com.3.r2.az.tls.1;Algoritmos y parámetros autorizados;mp.com.3.r2 ;medidas de protección;protección de las comunicaciones;La versión de TLS para las aplicaciones debe de ser como mínimo versión 1.2;alto;refuerzo;integridad,autenticidad;automático;;PASS;Security Group tpot-vm-nsg from subscription Azure subscription 1 has HTTP internet access restricted.;/subscriptions/137ea479-0994-4597-b7f8-c87bc2c32218/resourceGroups/loya/providers/Microsoft.Network/networkSecurityGroups/tpot-vm-nsg;network_http_internet_access_restricted;False;tpot-vm-nsg
azure;The accreditation scheme of the ENS (National Security Scheme) has been developed by the Ministry of Finance and Public Administrations and the CCN (National Cryptological Center). This includes the basic principles and minimum requirements necessary for the adequate protection of information.;Azure subscription 1;eastus;2025-02-19 10:48:28.546737;mp.com.4.r3.az.1;Segmentación física;mp.com.4.r3;medidas de protección;protección de las comunicaciones;Configuración de VNETs para el aislamiento de redes;alto;refuerzo;confidencialidad,integridad,trazabilidad,autenticidad,disponibilidad;automático;;PASS;Security Group tpot-vm-nsg from subscription Azure subscription 1 has HTTP internet access restricted.;/subscriptions/137ea479-0994-4597-b7f8-c87bc2c32218/resourceGroups/loya/providers/Microsoft.Network/networkSecurityGroups/tpot-vm-nsg;network_http_internet_access_restricted;False;tpot-vm-nsg
azure;The accreditation scheme of the ENS (National Security Scheme) has been developed by the Ministry of Finance and Public Administrations and the CCN (National Cryptological Center). This includes the basic principles and minimum requirements necessary for the adequate protection of information.;Azure subscription 1;eastus;2025-02-19 10:48:28.546737;mp.com.4.r4.az.nt.1;Puntos de interconexión;mp.com.4.r4;medidas de protección;protección de las comunicaciones;Asegurarse de que el acceso a la red de conexión con  internet esté protegida.;alto;refuerzo;confidencialidad,integridad,trazabilidad,autenticidad,disponibilidad;automático;;PASS;Security Group tpot-vm-nsg from subscription Azure subscription 1 has HTTP internet access restricted.;/subscriptions/137ea479-0994-4597-b7f8-c87bc2c32218/resourceGroups/loya/providers/Microsoft.Network/networkSecurityGroups/tpot-vm-nsg;network_http_internet_access_restricted;False;tpot-vm-nsg
azure;The accreditation scheme of the ENS (National Security Scheme) has been developed by the Ministry of Finance and Public Administrations and the CCN (National Cryptological Center). This includes the basic principles and minimum requirements necessary for the adequate protection of information.;Azure subscription 1;eastus;2025-02-19 10:48:28.546737;mp.s.4.az.nt.1;Protección frente a denegación de servicio;mp.s.4;medidas de protección;protección de los servicios;El acceso a la red de conexión con internet debe estar restringida.;alto;requisito;disponibilidad;automático;;PASS;Security Group tpot-vm-nsg from subscription Azure subscription 1 has HTTP internet access restricted.;/subscriptions/137ea479-0994-4597-b7f8-c87bc2c32218/resourceGroups/loya/providers/Microsoft.Network/networkSecurityGroups/tpot-vm-nsg;network_http_internet_access_restricted;False;tpot-vm-nsg
azure;The accreditation scheme of the ENS (National Security Scheme) has been developed by the Ministry of Finance and Public Administrations and the CCN (National Cryptological Center). This includes the basic principles and minimum requirements necessary for the adequate protection of information.;Azure subscription 1;eastus;2025-02-19 10:48:28.546737;mp.com.3.r2.az.tls.1;Algoritmos y parámetros autorizados;mp.com.3.r2 ;medidas de protección;protección de las comunicaciones;La versión de TLS para las aplicaciones debe de ser como mínimo versión 1.2;alto;refuerzo;integridad,autenticidad;automático;;PASS;Security Group linux-vm-nsg from subscription Azure subscription 1 has HTTP internet access restricted.;/subscriptions/137ea479-0994-4597-b7f8-c87bc2c32218/resourceGroups/tpot-resources/providers/Microsoft.Network/networkSecurityGroups/linux-vm-nsg;network_http_internet_access_restricted;False;linux-vm-nsg
azure;The accreditation scheme of the ENS (National Security Scheme) has been developed by the Ministry of Finance and Public Administrations and the CCN (National Cryptological Center). This includes the basic principles and minimum requirements necessary for the adequate protection of information.;Azure subscription 1;eastus;2025-02-19 10:48:28.546737;mp.com.4.r3.az.1;Segmentación física;mp.com.4.r3;medidas de protección;protección de las comunicaciones;Configuración de VNETs para el aislamiento de redes;alto;refuerzo;confidencialidad,integridad,trazabilidad,autenticidad,disponibilidad;automático;;PASS;Security Group linux-vm-nsg from subscription Azure subscription 1 has HTTP internet access restricted.;/subscriptions/137ea479-0994-4597-b7f8-c87bc2c32218/resourceGroups/tpot-resources/providers/Microsoft.Network/networkSecurityGroups/linux-vm-nsg;network_http_internet_access_restricted;False;linux-vm-nsg
azure;The accreditation scheme of the ENS (National Security Scheme) has been developed by the Ministry of Finance and Public Administrations and the CCN (National Cryptological Center). This includes the basic principles and minimum requirements necessary for the adequate protection of information.;Azure subscription 1;eastus;2025-02-19 10:48:28.546737;mp.com.4.r4.az.nt.1;Puntos de interconexión;mp.com.4.r4;medidas de protección;protección de las comunicaciones;Asegurarse de que el acceso a la red de conexión con  internet esté protegida.;alto;refuerzo;confidencialidad,integridad,trazabilidad,autenticidad,disponibilidad;automático;;PASS;Security Group linux-vm-nsg from subscription Azure subscription 1 has HTTP internet access restricted.;/subscriptions/137ea479-0994-4597-b7f8-c87bc2c32218/resourceGroups/tpot-resources/providers/Microsoft.Network/networkSecurityGroups/linux-vm-nsg;network_http_internet_access_restricted;False;linux-vm-nsg
azure;The accreditation scheme of the ENS (National Security Scheme) has been developed by the Ministry of Finance and Public Administrations and the CCN (National Cryptological Center). This includes the basic principles and minimum requirements necessary for the adequate protection of information.;Azure subscription 1;eastus;2025-02-19 10:48:28.546737;mp.s.4.az.nt.1;Protección frente a denegación de servicio;mp.s.4;medidas de protección;protección de los servicios;El acceso a la red de conexión con internet debe estar restringida.;alto;requisito;disponibilidad;automático;;PASS;Security Group linux-vm-nsg from subscription Azure subscription 1 has HTTP internet access restricted.;/subscriptions/137ea479-0994-4597-b7f8-c87bc2c32218/resourceGroups/tpot-resources/providers/Microsoft.Network/networkSecurityGroups/linux-vm-nsg;network_http_internet_access_restricted;False;linux-vm-nsg
azure;The accreditation scheme of the ENS (National Security Scheme) has been developed by the Ministry of Finance and Public Administrations and the CCN (National Cryptological Center). This includes the basic principles and minimum requirements necessary for the adequate protection of information.;Azure subscription 1;eastus;2025-02-19 10:48:28.546737;mp.com.1.az.nw.1;Perímetro seguro;mp.com.1;medidas de protección;protección de las comunicaciones;Habilitar la restricción de acceso para el tráfico por internet a través de RDP;alto;requisito;confidencialidad,integridad,trazabilidad,autenticidad,disponibilidad;automático;;PASS;Security Group tpot-vm-nsg from subscription Azure subscription 1 has RDP internet access restricted.;/subscriptions/137ea479-0994-4597-b7f8-c87bc2c32218/resourceGroups/loya/providers/Microsoft.Network/networkSecurityGroups/tpot-vm-nsg;network_rdp_internet_access_restricted;False;tpot-vm-nsg
azure;The accreditation scheme of the ENS (National Security Scheme) has been developed by the Ministry of Finance and Public Administrations and the CCN (National Cryptological Center). This includes the basic principles and minimum requirements necessary for the adequate protection of information.;Azure subscription 1;eastus;2025-02-19 10:48:28.546737;mp.com.1.az.nw.1;Perímetro seguro;mp.com.1;medidas de protección;protección de las comunicaciones;Habilitar la restricción de acceso para el tráfico por internet a través de RDP;alto;requisito;confidencialidad,integridad,trazabilidad,autenticidad,disponibilidad;automático;;PASS;Security Group linux-vm-nsg from subscription Azure subscription 1 has RDP internet access restricted.;/subscriptions/137ea479-0994-4597-b7f8-c87bc2c32218/resourceGroups/tpot-resources/providers/Microsoft.Network/networkSecurityGroups/linux-vm-nsg;network_rdp_internet_access_restricted;False;linux-vm-nsg
azure;The accreditation scheme of the ENS (National Security Scheme) has been developed by the Ministry of Finance and Public Administrations and the CCN (National Cryptological Center). This includes the basic principles and minimum requirements necessary for the adequate protection of information.;Azure subscription 1;eastus;2025-02-19 10:48:28.546737;mp.com.1.az.nw.2;Perímetro seguro;mp.com.1;medidas de protección;protección de las comunicaciones;Habilitar la restricción de acceso para el tráfico por internet a través de SSH;alto;requisito;confidencialidad,integridad,trazabilidad,autenticidad,disponibilidad;automático;;FAIL;Security Group tpot-vm-nsg from subscription Azure subscription 1 has SSH internet access allowed.;/subscriptions/137ea479-0994-4597-b7f8-c87bc2c32218/resourceGroups/loya/providers/Microsoft.Network/networkSecurityGroups/tpot-vm-nsg;network_ssh_internet_access_restricted;False;tpot-vm-nsg
azure;The accreditation scheme of the ENS (National Security Scheme) has been developed by the Ministry of Finance and Public Administrations and the CCN (National Cryptological Center). This includes the basic principles and minimum requirements necessary for the adequate protection of information.;Azure subscription 1;eastus;2025-02-19 10:48:28.546737;mp.com.1.az.nw.2;Perímetro seguro;mp.com.1;medidas de protección;protección de las comunicaciones;Habilitar la restricción de acceso para el tráfico por internet a través de SSH;alto;requisito;confidencialidad,integridad,trazabilidad,autenticidad,disponibilidad;automático;;FAIL;Security Group linux-vm-nsg from subscription Azure subscription 1 has SSH internet access allowed.;/subscriptions/137ea479-0994-4597-b7f8-c87bc2c32218/resourceGroups/tpot-resources/providers/Microsoft.Network/networkSecurityGroups/linux-vm-nsg;network_ssh_internet_access_restricted;False;linux-vm-nsg
azure;The accreditation scheme of the ENS (National Security Scheme) has been developed by the Ministry of Finance and Public Administrations and the CCN (National Cryptological Center). This includes the basic principles and minimum requirements necessary for the adequate protection of information.;Azure subscription 1;eastus;2025-02-19 10:48:28.546737;mp.com.1.az.nw.3;Perímetro seguro;mp.com.1;medidas de protección;protección de las comunicaciones;Habilitar la restricción de acceso para el tráfico por internet a través de UDP.;alto;requisito;confidencialidad,integridad,trazabilidad,autenticidad,disponibilidad;automático;;PASS;Security Group tpot-vm-nsg from subscription Azure subscription 1 has UDP internet access restricted.;/subscriptions/137ea479-0994-4597-b7f8-c87bc2c32218/resourceGroups/loya/providers/Microsoft.Network/networkSecurityGroups/tpot-vm-nsg;network_udp_internet_access_restricted;False;tpot-vm-nsg
azure;The accreditation scheme of the ENS (National Security Scheme) has been developed by the Ministry of Finance and Public Administrations and the CCN (National Cryptological Center). This includes the basic principles and minimum requirements necessary for the adequate protection of information.;Azure subscription 1;eastus;2025-02-19 10:48:28.546737;mp.com.1.az.nw.3;Perímetro seguro;mp.com.1;medidas de protección;protección de las comunicaciones;Habilitar la restricción de acceso para el tráfico por internet a través de UDP.;alto;requisito;confidencialidad,integridad,trazabilidad,autenticidad,disponibilidad;automático;;PASS;Security Group linux-vm-nsg from subscription Azure subscription 1 has UDP internet access restricted.;/subscriptions/137ea479-0994-4597-b7f8-c87bc2c32218/resourceGroups/tpot-resources/providers/Microsoft.Network/networkSecurityGroups/linux-vm-nsg;network_udp_internet_access_restricted;False;linux-vm-nsg
azure;The accreditation scheme of the ENS (National Security Scheme) has been developed by the Ministry of Finance and Public Administrations and the CCN (National Cryptological Center). This includes the basic principles and minimum requirements necessary for the adequate protection of information.;Azure subscription 1;global;2025-02-19 10:48:28.546737;op.mon.1.az.nw.1;Detección de intrusión;op.mon.1 ;operacional;monitorización del sistema;Activación del Network Watcher para la captura de paquetes y detección del tráfico de la red.;alto;requisito;confidencialidad,integridad,trazabilidad,autenticidad,disponibilidad;automático;;FAIL;Network Watcher is not enabled for the following locations in subscription 'Azure subscription 1': israelcentral, uaenorth, centralus, westeurope, brazilsouth, jioindiawest, westus3, uksouth, southindia, newzealandnorth, westus2, australiacentral, koreasouth, southcentralus, eastasia, southafricawest, norwayeast, switzerlandnorth, qatarcentral, switzerlandwest, norwaywest, ukwest, spaincentral, australiasoutheast, northcentralus, mexicocentral, brazilus, francesouth, canadaeast, northeurope, brazilsoutheast, polandcentral, canadacentral, germanynorth, japaneast, japanwest, southafricanorth, centralindia, westindia, southeastasia, westus, koreacentral, australiaeast, eastus2, germanywestcentral, italynorth, australiacentral2, swedencentral, jioindiacentral, westcentralus, francecentral, uaecentral.;/subscriptions/137ea479-0994-4597-b7f8-c87bc2c32218/resourceGroups/NetworkWatcherRG/providers/Microsoft.Network/networkWatchers/NetworkWatcher_*;network_watcher_enabled;False;Network Watcher
azure;The accreditation scheme of the ENS (National Security Scheme) has been developed by the Ministry of Finance and Public Administrations and the CCN (National Cryptological Center). This includes the basic principles and minimum requirements necessary for the adequate protection of information.;Azure subscription 1;global;2025-02-19 10:48:28.546737;op.mon.2.r2.az.ma.1;Eficiencia del sistema de gestión de la seguridad;op.mon.2.r2 ;operacional;monitorización del sistema;Asegurar que el monitor de diagnóstico de la actividad de la subscrición esté activa.;alto;refuerzo;confidencialidad,integridad,trazabilidad,autenticidad,disponibilidad;automático;;FAIL;Network Watcher is not enabled for the following locations in subscription 'Azure subscription 1': israelcentral, uaenorth, centralus, westeurope, brazilsouth, jioindiawest, westus3, uksouth, southindia, newzealandnorth, westus2, australiacentral, koreasouth, southcentralus, eastasia, southafricawest, norwayeast, switzerlandnorth, qatarcentral, switzerlandwest, norwaywest, ukwest, spaincentral, australiasoutheast, northcentralus, mexicocentral, brazilus, francesouth, canadaeast, northeurope, brazilsoutheast, polandcentral, canadacentral, germanynorth, japaneast, japanwest, southafricanorth, centralindia, westindia, southeastasia, westus, koreacentral, australiaeast, eastus2, germanywestcentral, italynorth, australiacentral2, swedencentral, jioindiacentral, westcentralus, francecentral, uaecentral.;/subscriptions/137ea479-0994-4597-b7f8-c87bc2c32218/resourceGroups/NetworkWatcherRG/providers/Microsoft.Network/networkWatchers/NetworkWatcher_*;network_watcher_enabled;False;Network Watcher
azure;The accreditation scheme of the ENS (National Security Scheme) has been developed by the Ministry of Finance and Public Administrations and the CCN (National Cryptological Center). This includes the basic principles and minimum requirements necessary for the adequate protection of information.;Azure subscription 1;global;2025-02-19 10:48:28.546737;op.mon.3.az.nw.1;Vigilancia;op.mon.3 ;operacional;monitorización del sistema;Habilitar Network Watcher para registrar y mantener la información de seguridad centralizada.;alto;requisito;confidencialidad,integridad,trazabilidad,autenticidad,disponibilidad;automático;;FAIL;Network Watcher is not enabled for the following locations in subscription 'Azure subscription 1': israelcentral, uaenorth, centralus, westeurope, brazilsouth, jioindiawest, westus3, uksouth, southindia, newzealandnorth, westus2, australiacentral, koreasouth, southcentralus, eastasia, southafricawest, norwayeast, switzerlandnorth, qatarcentral, switzerlandwest, norwaywest, ukwest, spaincentral, australiasoutheast, northcentralus, mexicocentral, brazilus, francesouth, canadaeast, northeurope, brazilsoutheast, polandcentral, canadacentral, germanynorth, japaneast, japanwest, southafricanorth, centralindia, westindia, southeastasia, westus, koreacentral, australiaeast, eastus2, germanywestcentral, italynorth, australiacentral2, swedencentral, jioindiacentral, westcentralus, francecentral, uaecentral.;/subscriptions/137ea479-0994-4597-b7f8-c87bc2c32218/resourceGroups/NetworkWatcherRG/providers/Microsoft.Network/networkWatchers/NetworkWatcher_*;network_watcher_enabled;False;Network Watcher
azure;The accreditation scheme of the ENS (National Security Scheme) has been developed by the Ministry of Finance and Public Administrations and the CCN (National Cryptological Center). This includes the basic principles and minimum requirements necessary for the adequate protection of information.;Azure subscription 1;global;2025-02-19 10:48:28.546737;op.mon.3.az.nw.1;Vigilancia;op.mon.3 ;operacional;monitorización del sistema;Auditoría delos registros de los servicios de GCP con la suficiente retención para la vigilancia de la información;alto;requisito;confidencialidad,integridad,trazabilidad,autenticidad,disponibilidad;automático;;FAIL;Network Watcher is not enabled for the following locations in subscription 'Azure subscription 1': israelcentral, uaenorth, centralus, westeurope, brazilsouth, jioindiawest, westus3, uksouth, southindia, newzealandnorth, westus2, australiacentral, koreasouth, southcentralus, eastasia, southafricawest, norwayeast, switzerlandnorth, qatarcentral, switzerlandwest, norwaywest, ukwest, spaincentral, australiasoutheast, northcentralus, mexicocentral, brazilus, francesouth, canadaeast, northeurope, brazilsoutheast, polandcentral, canadacentral, germanynorth, japaneast, japanwest, southafricanorth, centralindia, westindia, southeastasia, westus, koreacentral, australiaeast, eastus2, germanywestcentral, italynorth, australiacentral2, swedencentral, jioindiacentral, westcentralus, francecentral, uaecentral.;/subscriptions/137ea479-0994-4597-b7f8-c87bc2c32218/resourceGroups/NetworkWatcherRG/providers/Microsoft.Network/networkWatchers/NetworkWatcher_*;network_watcher_enabled;False;Network Watcher
azure;The accreditation scheme of the ENS (National Security Scheme) has been developed by the Ministry of Finance and Public Administrations and the CCN (National Cryptological Center). This includes the basic principles and minimum requirements necessary for the adequate protection of information.;Azure subscription 1;global;2025-02-19 10:48:28.546737;mp.com.1.az.nw.1;Perímetro seguro;mp.com.1;medidas de protección;protección de las comunicaciones;Habilitar la restricción de acceso para el tráfico por internet a través de RDP;alto;requisito;confidencialidad,integridad,trazabilidad,autenticidad,disponibilidad;automático;;FAIL;Network Watcher is not enabled for the following locations in subscription 'Azure subscription 1': israelcentral, uaenorth, centralus, westeurope, brazilsouth, jioindiawest, westus3, uksouth, southindia, newzealandnorth, westus2, australiacentral, koreasouth, southcentralus, eastasia, southafricawest, norwayeast, switzerlandnorth, qatarcentral, switzerlandwest, norwaywest, ukwest, spaincentral, australiasoutheast, northcentralus, mexicocentral, brazilus, francesouth, canadaeast, northeurope, brazilsoutheast, polandcentral, canadacentral, germanynorth, japaneast, japanwest, southafricanorth, centralindia, westindia, southeastasia, westus, koreacentral, australiaeast, eastus2, germanywestcentral, italynorth, australiacentral2, swedencentral, jioindiacentral, westcentralus, francecentral, uaecentral.;/subscriptions/137ea479-0994-4597-b7f8-c87bc2c32218/resourceGroups/NetworkWatcherRG/providers/Microsoft.Network/networkWatchers/NetworkWatcher_*;network_watcher_enabled;False;Network Watcher
azure;The accreditation scheme of the ENS (National Security Scheme) has been developed by the Ministry of Finance and Public Administrations and the CCN (National Cryptological Center). This includes the basic principles and minimum requirements necessary for the adequate protection of information.;Azure subscription 1;global;2025-02-19 10:48:28.546737;mp.com.1.az.nw.2;Perímetro seguro;mp.com.1;medidas de protección;protección de las comunicaciones;Habilitar la restricción de acceso para el tráfico por internet a través de SSH;alto;requisito;confidencialidad,integridad,trazabilidad,autenticidad,disponibilidad;automático;;FAIL;Network Watcher is not enabled for the following locations in subscription 'Azure subscription 1': israelcentral, uaenorth, centralus, westeurope, brazilsouth, jioindiawest, westus3, uksouth, southindia, newzealandnorth, westus2, australiacentral, koreasouth, southcentralus, eastasia, southafricawest, norwayeast, switzerlandnorth, qatarcentral, switzerlandwest, norwaywest, ukwest, spaincentral, australiasoutheast, northcentralus, mexicocentral, brazilus, francesouth, canadaeast, northeurope, brazilsoutheast, polandcentral, canadacentral, germanynorth, japaneast, japanwest, southafricanorth, centralindia, westindia, southeastasia, westus, koreacentral, australiaeast, eastus2, germanywestcentral, italynorth, australiacentral2, swedencentral, jioindiacentral, westcentralus, francecentral, uaecentral.;/subscriptions/137ea479-0994-4597-b7f8-c87bc2c32218/resourceGroups/NetworkWatcherRG/providers/Microsoft.Network/networkWatchers/NetworkWatcher_*;network_watcher_enabled;False;Network Watcher
azure;The accreditation scheme of the ENS (National Security Scheme) has been developed by the Ministry of Finance and Public Administrations and the CCN (National Cryptological Center). This includes the basic principles and minimum requirements necessary for the adequate protection of information.;Azure subscription 1;global;2025-02-19 10:48:28.546737;mp.com.1.az.nw.3;Perímetro seguro;mp.com.1;medidas de protección;protección de las comunicaciones;Habilitar la restricción de acceso para el tráfico por internet a través de UDP.;alto;requisito;confidencialidad,integridad,trazabilidad,autenticidad,disponibilidad;automático;;FAIL;Network Watcher is not enabled for the following locations in subscription 'Azure subscription 1': israelcentral, uaenorth, centralus, westeurope, brazilsouth, jioindiawest, westus3, uksouth, southindia, newzealandnorth, westus2, australiacentral, koreasouth, southcentralus, eastasia, southafricawest, norwayeast, switzerlandnorth, qatarcentral, switzerlandwest, norwaywest, ukwest, spaincentral, australiasoutheast, northcentralus, mexicocentral, brazilus, francesouth, canadaeast, northeurope, brazilsoutheast, polandcentral, canadacentral, germanynorth, japaneast, japanwest, southafricanorth, centralindia, westindia, southeastasia, westus, koreacentral, australiaeast, eastus2, germanywestcentral, italynorth, australiacentral2, swedencentral, jioindiacentral, westcentralus, francecentral, uaecentral.;/subscriptions/137ea479-0994-4597-b7f8-c87bc2c32218/resourceGroups/NetworkWatcherRG/providers/Microsoft.Network/networkWatchers/NetworkWatcher_*;network_watcher_enabled;False;Network Watcher
azure;The accreditation scheme of the ENS (National Security Scheme) has been developed by the Ministry of Finance and Public Administrations and the CCN (National Cryptological Center). This includes the basic principles and minimum requirements necessary for the adequate protection of information.;Azure subscription 1;global;2025-02-19 10:48:28.546737;mp.com.3.az.nw.1;Protección de la integridad y de la autenticidad;mp.com.3 ;medidas de protección;protección de las comunicaciones;Asegurarse de que la comunicación del frontal sea a través de HTTPS.;alto;requisito;integridad,autenticidad;automático;;FAIL;Network Watcher is not enabled for the following locations in subscription 'Azure subscription 1': israelcentral, uaenorth, centralus, westeurope, brazilsouth, jioindiawest, westus3, uksouth, southindia, newzealandnorth, westus2, australiacentral, koreasouth, southcentralus, eastasia, southafricawest, norwayeast, switzerlandnorth, qatarcentral, switzerlandwest, norwaywest, ukwest, spaincentral, australiasoutheast, northcentralus, mexicocentral, brazilus, francesouth, canadaeast, northeurope, brazilsoutheast, polandcentral, canadacentral, germanynorth, japaneast, japanwest, southafricanorth, centralindia, westindia, southeastasia, westus, koreacentral, australiaeast, eastus2, germanywestcentral, italynorth, australiacentral2, swedencentral, jioindiacentral, westcentralus, francecentral, uaecentral.;/subscriptions/137ea479-0994-4597-b7f8-c87bc2c32218/resourceGroups/NetworkWatcherRG/providers/Microsoft.Network/networkWatchers/NetworkWatcher_*;network_watcher_enabled;False;Network Watcher
azure;The accreditation scheme of the ENS (National Security Scheme) has been developed by the Ministry of Finance and Public Administrations and the CCN (National Cryptological Center). This includes the basic principles and minimum requirements necessary for the adequate protection of information.;;;2025-02-19 10:48:28.546737;op.acc.3.r1.az.eid.1;Segregación rigurosa;op.acc.3.r1;operacional;control de acceso;La configuración, manenimiento, auditoría o supervisión no debe ser realizada por la misma persona, se deberá asignar roles específicos para cada usuario o grupo en el directorio de roles de Microsoft Entra.;alto;refuerzo;confidencialidad,integridad,trazabilidad,autenticidad;manual;;MANUAL;Manual check;manual_check;manual;False;Manual check
azure;The accreditation scheme of the ENS (National Security Scheme) has been developed by the Ministry of Finance and Public Administrations and the CCN (National Cryptological Center). This includes the basic principles and minimum requirements necessary for the adequate protection of information.;;;2025-02-19 10:48:28.546737;op.acc.6.r9.az;Acceso remoto;op.acc.6.r9;operacional;control de acceso;;alto;refuerzo;confidencialidad,integridad,trazabilidad,autenticidad;manual;;MANUAL;Manual check;manual_check;manual;False;Manual check
azure;The accreditation scheme of the ENS (National Security Scheme) has been developed by the Ministry of Finance and Public Administrations and the CCN (National Cryptological Center). This includes the basic principles and minimum requirements necessary for the adequate protection of information.;;;2025-02-19 10:48:28.546737;op.exp8.r2.az.wc.1;Sincronización del reloj del sistema;op.exp.8.r2;operacional;explotación;;alto;refuerzo;trazabilidad;manual;;MANUAL;Manual check;manual_check;manual;False;Manual check
azure;The accreditation scheme of the ENS (National Security Scheme) has been developed by the Ministry of Finance and Public Administrations and the CCN (National Cryptological Center). This includes the basic principles and minimum requirements necessary for the adequate protection of information.;;;2025-02-19 10:48:28.546737;op.exp.10.r1.az.key.1;Algoritmos autorizados;op.exp.10.r1 ;operacional;explotación;Asegurar que los algoritmos utilizados estén aprobados por el CCN;alto;refuerzo;confidencialidad,integridad,trazabilidad,autenticidad,disponibilidad;manual;;MANUAL;Manual check;manual_check;manual;False;Manual check
azure;The accreditation scheme of the ENS (National Security Scheme) has been developed by the Ministry of Finance and Public Administrations and the CCN (National Cryptological Center). This includes the basic principles and minimum requirements necessary for the adequate protection of information.;;;2025-02-19 10:48:28.546737;op.cont.2.az.con.1;Plan de continuidad;op.cont.2 ;operacional;continuidad del servicio;Garantizar la resiliencia y la continuidad a través de planes de recuperación de desastres;alto;requisito;disponibilidad;manual;;MANUAL;Manual check;manual_check;manual;False;Manual check
azure;The accreditation scheme of the ENS (National Security Scheme) has been developed by the Ministry of Finance and Public Administrations and the CCN (National Cryptological Center). This includes the basic principles and minimum requirements necessary for the adequate protection of information.;;;2025-02-19 10:48:28.546737;mp.com.3.r3.az.1;Dispositivos hardware;mp.com.3.r3 ;medidas de protección;protección de las comunicaciones;Protección de los dispositivos de hardware;alto;refuerzo;integridad,autenticidad;manual;;MANUAL;Manual check;manual_check;manual;False;Manual check
azure;The accreditation scheme of the ENS (National Security Scheme) has been developed by the Ministry of Finance and Public Administrations and the CCN (National Cryptological Center). This includes the basic principles and minimum requirements necessary for the adequate protection of information.;;;2025-02-19 10:48:28.546737;mp.com.3.r4.az.1;Productos certificados;mp.com.3.r4 ;medidas de protección;protección de las comunicaciones;Se utilizará productos certificados CPSTIC del CCN.;alto;refuerzo;integridad,autenticidad;manual;;MANUAL;Manual check;manual_check;manual;False;Manual check
azure;The accreditation scheme of the ENS (National Security Scheme) has been developed by the Ministry of Finance and Public Administrations and the CCN (National Cryptological Center). This includes the basic principles and minimum requirements necessary for the adequate protection of information.;;;2025-02-19 10:48:28.546737;mp.info.2.az.1;Calificación de la información;mp.info.2;medidas de protección;protección de la información;Configuración de etiquetas para todos los servicios de Azure;alto;requisito;confidencialidad;manual;;MANUAL;Manual check;manual_check;manual;False;Manual check
azure;The accreditation scheme of the ENS (National Security Scheme) has been developed by the Ministry of Finance and Public Administrations and the CCN (National Cryptological Center). This includes the basic principles and minimum requirements necessary for the adequate protection of information.;;;2025-02-19 10:48:28.546737;mp.info.6.az.1;Copias de seguridad;mp.info.6;medidas de protección;protección de la información;Creación de plan de backup para los servicios de Azure;alto;requisito;disponibilidad;manual;;MANUAL;Manual check;manual_check;manual;False;Manual check
azure;The accreditation scheme of the ENS (National Security Scheme) has been developed by the Ministry of Finance and Public Administrations and the CCN (National Cryptological Center). This includes the basic principles and minimum requirements necessary for the adequate protection of information.;;;2025-02-19 10:48:28.546737;mp.info.6.r1.az.1;Pruebas de recuperación;mp.info.6.r1;medidas de protección;protección de la información;Creación del plan de recuperación para los servicios de Azure;alto;refuerzo;disponibilidad;manual;;MANUAL;Manual check;manual_check;manual;False;Manual check
